firstName,lastName,cell,email,zip
loooooLawrence,Woodard,6462321001,lawrence.woodard@fake.osdi.info,20024
Joshua,Carter,6462321002,joshua.carter@fake.osdi.info,20007
Melissa,Scott,6462321003,melissa.scott@fake.osdi.info,20007
Richard,Mcclain,6462321004,richard.mcclain@fake.osdi.info,20007
Scott,Jefferson,6462321005,scott.jefferson@fake.osdi.info,20007
Johnny,Mathis,6462321006,johnny.mathis@fake.osdi.info,20007
Frank,Charles,6462321007,frank.charles@fake.osdi.info,20007
Walter,Gamble,6462321008,walter.gamble@fake.osdi.info,
Scott,Williams,646fff2321009,scott.williams@fake.osdi.info,10011
