lastName,firstName,zip,cell,email
Woodard,Lawrence,20024,2012421000,lawrence.woodard@fake.osdi.info
Carter,Joshua,20007,2012421001,joshua.carter@fake.osdi.info
Scott,Melissa,20007,2012421002,melissa.scott@fake.osdi.info
Mcclain,Richard,20007,2012421003,richard.mcclain@fake.osdi.info
Jefferson,Scott,20007,2012421004,scott.jefferson@fake.osdi.info
Mathis,Johnny,20007,2012421005,johnny.mathis@fake.osdi.info
Charles,Frank,20007,2012421006,frank.charles@fake.osdi.info
Gamble,Walter,20007,2012421007,walter.gamble@fake.osdi.info
Williams,Scott,20007,2012421008,scott.williams@fake.osdi.info
Booker,Arthur,20007,2012421009,arthur.booker@fake.osdi.info
Rivers,Samuel,20007,2012421010,samuel.rivers@fake.osdi.info
Brooks,Louise,20001,2012421011,louise.brooks@fake.osdi.info
Douglas,Nicholas,20009,2012421012,nicholas.douglas@fake.osdi.info
Roberson,Helen,20009,2012421013,helen.roberson@fake.osdi.info
Cherry,William,20009,2012421014,william.cherry@fake.osdi.info
Hardy,Samuel,20001,2012421015,samuel.hardy@fake.osdi.info
Wiggins,Stephanie,20020,2012421016,stephanie.wiggins@fake.osdi.info
Charles,Emily,20020,2012421017,emily.charles@fake.osdi.info
Simmons,Jimmy,20002,2012421018,jimmy.simmons@fake.osdi.info
Davis,Cynthia,20010,2012421019,cynthia.davis@fake.osdi.info
Haynes,Peter,20002,2012421020,peter.haynes@fake.osdi.info
Willis,Julie,20002,2012421021,julie.willis@fake.osdi.info
Dickerson,Victor,20011,2012421022,victor.dickerson@fake.osdi.info
Woodard,Bonnie,20011,2012421023,bonnie.woodard@fake.osdi.info
Branch,Andrew,20011,2012421024,andrew.branch@fake.osdi.info
Woodard,Jane,20011,2012421025,jane.woodard@fake.osdi.info
Grant,Cynthia,20011,2012421026,cynthia.grant@fake.osdi.info
Bryant,Victor,20019,2012421027,victor.bryant@fake.osdi.info
Hawkins,Anna,20020,2012421028,anna.hawkins@fake.osdi.info
Haynes,Paul,20018,2012421029,paul.haynes@fake.osdi.info
Richardson,Katherine,20018,2012421030,katherine.richardson@fake.osdi.info
Terrell,Harry,20018,2012421031,harry.terrell@fake.osdi.info
Jackson,Lillian,20018,2012421032,lillian.jackson@fake.osdi.info
Clay,Randy,20020,2012421033,randy.clay@fake.osdi.info
Curry,Marie,20020,2012421034,marie.curry@fake.osdi.info
Miles,Lois,20032,2012421035,lois.miles@fake.osdi.info
Sims,Scott,20032,2012421036,scott.sims@fake.osdi.info
Tyler,Jason,20032,2012421037,jason.tyler@fake.osdi.info
Brooks,Paula,20032,2012421038,paula.brooks@fake.osdi.info
Holloway,Joshua,20001,2012421039,joshua.holloway@fake.osdi.info
Glover,Juan,20001,2012421040,juan.glover@fake.osdi.info
James,Kimberly,20032,2012421041,kimberly.james@fake.osdi.info
Richardson,Deborah,20002,2012421042,deborah.richardson@fake.osdi.info
Benjamin,Stephen,20037,2012421043,stephen.benjamin@fake.osdi.info
Singleton,Betty,20011,2012421044,betty.singleton@fake.osdi.info
Byrd,Samuel,20011,2012421045,samuel.byrd@fake.osdi.info
Butler,Russell,20011,2012421046,russell.butler@fake.osdi.info
Washington,Rose,20002,2012421047,rose.washington@fake.osdi.info
Singleton,Bonnie,20002,2012421048,bonnie.singleton@fake.osdi.info
Ingram,Tina,20002,2012421049,tina.ingram@fake.osdi.info
Green,Ruth,20002,2012421050,ruth.green@fake.osdi.info
Mcneil,Bobby,20002,2012421051,bobby.mcneil@fake.osdi.info
Dorsey,Shawn,20002,2012421052,shawn.dorsey@fake.osdi.info
Charles,Louise,20002,2012421053,louise.charles@fake.osdi.info
Jackson,Charles,20002,2012421054,charles.jackson@fake.osdi.info
Gamble,Justin,20011,2012421055,justin.gamble@fake.osdi.info
Hines,Gloria,20002,2012421056,gloria.hines@fake.osdi.info
Bullock,James,20019,2012421057,james.bullock@fake.osdi.info
Thomas,Mark,20019,2012421058,mark.thomas@fake.osdi.info
Mcclain,Patricia,20002,2012421059,patricia.mcclain@fake.osdi.info
Flowers,Stephen,20019,2012421060,stephen.flowers@fake.osdi.info
Roberson,Virginia,20001,2012421061,virginia.roberson@fake.osdi.info
Wiggins,Debra,20032,2012421062,debra.wiggins@fake.osdi.info
Tate,Eric,20037,2012421063,eric.tate@fake.osdi.info
Banks,Janice,20020,2012421064,janice.banks@fake.osdi.info
Frazier,Julia,20020,2012421065,julia.frazier@fake.osdi.info
Hines,Ryan,20020,2012421066,ryan.hines@fake.osdi.info
Green,Raymond,20020,2012421067,raymond.green@fake.osdi.info
Mays,Debra,20020,2012421068,debra.mays@fake.osdi.info
Woods,Ronald,20020,2012421069,ronald.woods@fake.osdi.info
Alexander,Elizabeth,20020,2012421070,elizabeth.alexander@fake.osdi.info
Hines,Martha,20020,2012421071,martha.hines@fake.osdi.info
Dickerson,Christine,20020,2012421072,christine.dickerson@fake.osdi.info
Walton,Willie,20020,2012421073,willie.walton@fake.osdi.info
Robinson,Jack,20020,2012421074,jack.robinson@fake.osdi.info
Davis,Barbara,20010,2012421075,barbara.davis@fake.osdi.info
Jackson,Earl,20010,2012421076,earl.jackson@fake.osdi.info
Ingram,Steven,20020,2012421077,steven.ingram@fake.osdi.info
Love,Nancy,20008,2012421078,nancy.love@fake.osdi.info
Bryant,Walter,20019,2012421079,walter.bryant@fake.osdi.info
Mcclain,Rose,20019,2012421080,rose.mcclain@fake.osdi.info
Brooks,Frances,20019,2012421081,frances.brooks@fake.osdi.info
Dorsey,Randy,20007,2012421082,randy.dorsey@fake.osdi.info
Small,Jessica,20007,2012421083,jessica.small@fake.osdi.info
Grant,Andrea,20007,2012421084,andrea.grant@fake.osdi.info
Joseph,Douglas,20007,2012421085,douglas.joseph@fake.osdi.info
Henderson,Carolyn,20002,2012421086,carolyn.henderson@fake.osdi.info
Coleman,Mildred,20032,2012421087,mildred.coleman@fake.osdi.info
Lewis,Kathryn,20007,2012421088,kathryn.lewis@fake.osdi.info
Alexander,Margaret,20007,2012421089,margaret.alexander@fake.osdi.info
Hampton,Ashley,20007,2012421090,ashley.hampton@fake.osdi.info
Cherry,Nicholas,20007,2012421091,nicholas.cherry@fake.osdi.info
Grant,Evelyn,20020,2012421092,evelyn.grant@fake.osdi.info
Gamble,Larry,20020,2012421093,larry.gamble@fake.osdi.info
Flowers,Philip,20020,2012421094,philip.flowers@fake.osdi.info
Robinson,Heather,20020,2012421095,heather.robinson@fake.osdi.info
Clay,Tina,20002,2012421096,tina.clay@fake.osdi.info
Wiggins,Tammy,20019,2012421097,tammy.wiggins@fake.osdi.info
Sims,Harold,20002,2012421098,harold.sims@fake.osdi.info
Branch,Rose,20032,2012421099,rose.branch@fake.osdi.info
Green,Catherine,20015,2012421100,catherine.green@fake.osdi.info
Johnson,Juan,20010,2012421101,juan.johnson@fake.osdi.info
Scott,Karen,20010,2012421102,karen.scott@fake.osdi.info
Hunter,David,20002,2012421103,david.hunter@fake.osdi.info
Mathis,Irene,20002,2012421104,irene.mathis@fake.osdi.info
Wiggins,Kevin,20002,2012421105,kevin.wiggins@fake.osdi.info
Gamble,Russell,20002,2012421106,russell.gamble@fake.osdi.info
Calhoun,Robert,20002,2012421107,robert.calhoun@fake.osdi.info
Bullock,Susan,20002,2012421108,susan.bullock@fake.osdi.info
Anthony,Angela,20016,2012421109,angela.anthony@fake.osdi.info
Miles,Roy,20016,2012421110,roy.miles@fake.osdi.info
Roberson,Jason,20008,2012421111,jason.roberson@fake.osdi.info
Small,Bonnie,20008,2012421112,bonnie.small@fake.osdi.info
Grant,Bonnie,20008,2012421113,bonnie.grant@fake.osdi.info
Walker,James,20008,2012421114,james.walker@fake.osdi.info
Franklin,Jessica,20002,2012421115,jessica.franklin@fake.osdi.info
Carter,Jose,20019,2012421116,jose.carter@fake.osdi.info
Sims,Margaret,20015,2012421117,margaret.sims@fake.osdi.info
Gamble,Amy,20015,2012421118,amy.gamble@fake.osdi.info
Brooks,Evelyn,20016,2012421119,evelyn.brooks@fake.osdi.info
Brown,Patrick,20016,2012421120,patrick.brown@fake.osdi.info
Walker,Danny,20008,2012421121,danny.walker@fake.osdi.info
Mcclain,Betty,20008,2012421122,betty.mcclain@fake.osdi.info
Williams,Melissa,20008,2012421123,melissa.williams@fake.osdi.info
Douglas,Virginia,20020,2012421124,virginia.douglas@fake.osdi.info
Mcneil,Rebecca,20020,2012421125,rebecca.mcneil@fake.osdi.info
Thomas,Douglas,20020,2012421126,douglas.thomas@fake.osdi.info
Reid,Kathleen,20020,2012421127,kathleen.reid@fake.osdi.info
Lewis,Patricia,20020,2012421128,patricia.lewis@fake.osdi.info
Jenkins,Nicholas,20008,2012421129,nicholas.jenkins@fake.osdi.info
Mitchell,Jimmy,20032,2012421130,jimmy.mitchell@fake.osdi.info
Haynes,Evelyn,20019,2012421131,evelyn.haynes@fake.osdi.info
Clay,Albert,20017,2012421132,albert.clay@fake.osdi.info
Mosley,Joyce,20020,2012421133,joyce.mosley@fake.osdi.info
Mitchell,David,20012,2012421134,david.mitchell@fake.osdi.info
Benjamin,Teresa,20002,2012421135,teresa.benjamin@fake.osdi.info
Jenkins,Mark,20002,2012421136,mark.jenkins@fake.osdi.info
Glover,Thomas,20002,2012421137,thomas.glover@fake.osdi.info
Harris,Theresa,20020,2012421138,theresa.harris@fake.osdi.info
Booker,Steven,20020,2012421139,steven.booker@fake.osdi.info
Lewis,Andrea,20020,2012421140,andrea.lewis@fake.osdi.info
Hunter,Patricia,20002,2012421141,patricia.hunter@fake.osdi.info
Calhoun,Andrew,20002,2012421142,andrew.calhoun@fake.osdi.info
Carter,Judy,20002,2012421143,judy.carter@fake.osdi.info
Joseph,Adam,20005,2012421144,adam.joseph@fake.osdi.info
Mcneil,Martha,20037,2012421145,martha.mcneil@fake.osdi.info
Williams,Benjamin,20032,2012421146,benjamin.williams@fake.osdi.info
Glover,Willie,20032,2012421147,willie.glover@fake.osdi.info
Terrell,Joan,20019,2012421148,joan.terrell@fake.osdi.info
Mosley,Kenneth,20020,2012421149,kenneth.mosley@fake.osdi.info
Sanders,Alan,20020,2012421150,alan.sanders@fake.osdi.info
Coleman,Carl,20020,2012421151,carl.coleman@fake.osdi.info
Brooks,Jessica,20007,2012421152,jessica.brooks@fake.osdi.info
Thomas,Joseph,20007,2012421153,joseph.thomas@fake.osdi.info
Ingram,Randy,20011,2012421154,randy.ingram@fake.osdi.info
Glover,Karen,20011,2012421155,karen.glover@fake.osdi.info
Washington,Laura,20011,2012421156,laura.washington@fake.osdi.info
Pollard,Irene,20019,2012421157,irene.pollard@fake.osdi.info
Charles,John,20019,2012421158,john.charles@fake.osdi.info
Holmes,Irene,20019,2012421159,irene.holmes@fake.osdi.info
Woods,Joan,20019,2012421160,joan.woods@fake.osdi.info
Hinton,Amanda,20019,2012421161,amanda.hinton@fake.osdi.info
Mcneil,Sara,20010,2012421162,sara.mcneil@fake.osdi.info
Mack,Larry,20010,2012421163,larry.mack@fake.osdi.info
Dorsey,Alan,20019,2012421164,alan.dorsey@fake.osdi.info
Frazier,Emily,20019,2012421165,emily.frazier@fake.osdi.info
Mcknight,Todd,20002,2012421166,todd.mcknight@fake.osdi.info
Neal,Donna,20002,2012421167,donna.neal@fake.osdi.info
Ford,Benjamin,20002,2012421168,benjamin.ford@fake.osdi.info
Mcknight,Wayne,20019,2012421169,wayne.mcknight@fake.osdi.info
Brown,Judy,20019,2012421170,judy.brown@fake.osdi.info
Benjamin,Patricia,20010,2012421171,patricia.benjamin@fake.osdi.info
Mosley,Walter,20010,2012421172,walter.mosley@fake.osdi.info
Mack,Sharon,20009,2012421173,sharon.mack@fake.osdi.info
Flowers,Sarah,20007,2012421174,sarah.flowers@fake.osdi.info
Frazier,Jessica,20007,2012421175,jessica.frazier@fake.osdi.info
Mack,Kathleen,20001,2012421176,kathleen.mack@fake.osdi.info
Lewis,Juan,20012,2012421177,juan.lewis@fake.osdi.info
Walton,Jeffrey,20012,2012421178,jeffrey.walton@fake.osdi.info
Dorsey,Denise,20012,2012421179,denise.dorsey@fake.osdi.info
Franklin,Larry,20001,2012421180,larry.franklin@fake.osdi.info
Pollard,Melissa,20001,2012421181,melissa.pollard@fake.osdi.info
Sims,Bonnie,20001,2012421182,bonnie.sims@fake.osdi.info
Hines,Marie,20001,2012421183,marie.hines@fake.osdi.info
Mathis,Ryan,20001,2012421184,ryan.mathis@fake.osdi.info
Dickerson,Sandra,20010,2012421185,sandra.dickerson@fake.osdi.info
Ware,Sean,20010,2012421186,sean.ware@fake.osdi.info
Ware,Betty,20010,2012421187,betty.ware@fake.osdi.info
Bell,Russell,20002,2012421188,russell.bell@fake.osdi.info
Calhoun,Sarah,20020,2012421189,sarah.calhoun@fake.osdi.info
Scott,Christina,20008,2012421190,christina.scott@fake.osdi.info
Small,Betty,20019,2012421191,betty.small@fake.osdi.info
James,Deborah,20011,2012421192,deborah.james@fake.osdi.info
Rivers,Louis,20019,2012421193,louis.rivers@fake.osdi.info
Pollard,Lillian,20019,2012421194,lillian.pollard@fake.osdi.info
Tyler,Earl,20016,2012421195,earl.tyler@fake.osdi.info
Reid,Judy,20012,2012421196,judy.reid@fake.osdi.info
Dixon,Victor,20012,2012421197,victor.dixon@fake.osdi.info
Singleton,Lisa,20012,2012421198,lisa.singleton@fake.osdi.info
Franklin,Robin,20012,2012421199,robin.franklin@fake.osdi.info
Jackson,Gerald,20007,2012421200,gerald.jackson@fake.osdi.info
Dorsey,Joyce,20007,2012421201,joyce.dorsey@fake.osdi.info
Gaines,Todd,20007,2012421202,todd.gaines@fake.osdi.info
Lewis,Phillip,20007,2012421203,phillip.lewis@fake.osdi.info
Sanders,Robert,20011,2012421204,robert.sanders@fake.osdi.info
Miles,Mildred,20011,2012421205,mildred.miles@fake.osdi.info
Banks,Carolyn,20011,2012421206,carolyn.banks@fake.osdi.info
Woodard,Alice,20017,2012421207,alice.woodard@fake.osdi.info
Glover,Helen,20018,2012421208,helen.glover@fake.osdi.info
Walton,Patrick,20018,2012421209,patrick.walton@fake.osdi.info
Bell,Jose,20018,2012421210,jose.bell@fake.osdi.info
Harris,Emily,20009,2012421211,emily.harris@fake.osdi.info
Watkins,William,20009,2012421212,william.watkins@fake.osdi.info
Ingram,Martha,20020,2012421213,martha.ingram@fake.osdi.info
Mcknight,Gary,20008,2012421214,gary.mcknight@fake.osdi.info
Green,Diane,20008,2012421215,diane.green@fake.osdi.info
Carter,Terry,20008,2012421216,terry.carter@fake.osdi.info
Lewis,Rachel,20011,2012421217,rachel.lewis@fake.osdi.info
Sanders,Kelly,20001,2012421218,kelly.sanders@fake.osdi.info
Neal,Dorothy,20032,2012421219,dorothy.neal@fake.osdi.info
Pollard,Terry,20011,2012421220,terry.pollard@fake.osdi.info
Jackson,Jack,20009,2012421221,jack.jackson@fake.osdi.info
Boone,Ruth,20009,2012421222,ruth.boone@fake.osdi.info
Richardson,Sean,20009,2012421223,sean.richardson@fake.osdi.info
Douglas,Sharon,20009,2012421224,sharon.douglas@fake.osdi.info
Clay,Russell,20009,2012421225,russell.clay@fake.osdi.info
Sanders,Kathleen,20009,2012421226,kathleen.sanders@fake.osdi.info
Pollard,Norma,20020,2012421227,norma.pollard@fake.osdi.info
Grant,Theresa,20020,2012421228,theresa.grant@fake.osdi.info
Booker,Joe,20003,2012421229,joe.booker@fake.osdi.info
Jones,Joyce,20003,2012421230,joyce.jones@fake.osdi.info
Banks,Martha,20032,2012421231,martha.banks@fake.osdi.info
Hawkins,Samuel,20011,2012421232,samuel.hawkins@fake.osdi.info
Branch,Christina,20011,2012421233,christina.branch@fake.osdi.info
Calhoun,Jeffrey,20032,2012421234,jeffrey.calhoun@fake.osdi.info
Holmes,Christopher,20012,2012421235,christopher.holmes@fake.osdi.info
Charles,Kimberly,20012,2012421236,kimberly.charles@fake.osdi.info
Neal,Jeremy,20019,2012421237,jeremy.neal@fake.osdi.info
Johnson,Jacqueline,20019,2012421238,jacqueline.johnson@fake.osdi.info
Mcgee,Ruby,20019,2012421239,ruby.mcgee@fake.osdi.info
Ford,Heather,20019,2012421240,heather.ford@fake.osdi.info
Mack,Karen,20019,2012421241,karen.mack@fake.osdi.info
Bullock,Ashley,20019,2012421242,ashley.bullock@fake.osdi.info
Moses,Louis,20001,2012421243,louis.moses@fake.osdi.info
Haynes,Donna,20001,2012421244,donna.haynes@fake.osdi.info
Hinton,Walter,20001,2012421245,walter.hinton@fake.osdi.info
Brown,Craig,20001,2012421246,craig.brown@fake.osdi.info
Houston,Douglas,20001,2012421247,douglas.houston@fake.osdi.info
Benjamin,Alice,20018,2012421248,alice.benjamin@fake.osdi.info
Joseph,Shawn,20032,2012421249,shawn.joseph@fake.osdi.info
Woodard,Diana,20008,2012421250,diana.woodard@fake.osdi.info
Holloway,Paula,20003,2012421251,paula.holloway@fake.osdi.info
Dorsey,Susan,20003,2012421252,susan.dorsey@fake.osdi.info
Sims,Christine,20008,2012421253,christine.sims@fake.osdi.info
Lewis,Frances,20020,2012421254,frances.lewis@fake.osdi.info
Harris,Ralph,20011,2012421255,ralph.harris@fake.osdi.info
Mcneil,Howard,20011,2012421256,howard.mcneil@fake.osdi.info
Miles,Donald,20011,2012421257,donald.miles@fake.osdi.info
Hampton,Ashley,20020,2012421258,ashley.hampton@fake.osdi.info
Green,Russell,20019,2012421259,russell.green@fake.osdi.info
Rivers,Susan,20019,2012421260,susan.rivers@fake.osdi.info
Simmons,Anna,20019,2012421261,anna.simmons@fake.osdi.info
Mack,Melissa,20032,2012421262,melissa.mack@fake.osdi.info
Walton,Ronald,20032,2012421263,ronald.walton@fake.osdi.info
Terrell,Michael,20020,2012421264,michael.terrell@fake.osdi.info
Anthony,Christine,20011,2012421265,christine.anthony@fake.osdi.info
James,Keith,20011,2012421266,keith.james@fake.osdi.info
Singleton,Anne,20011,2012421267,anne.singleton@fake.osdi.info
Stokes,Sandra,20011,2012421268,sandra.stokes@fake.osdi.info
Rivers,Louis,20016,2012421269,louis.rivers@fake.osdi.info
Sanders,Jessica,20016,2012421270,jessica.sanders@fake.osdi.info
Bell,Richard,20016,2012421271,richard.bell@fake.osdi.info
Gaines,Teresa,20016,2012421272,teresa.gaines@fake.osdi.info
Hawkins,Anne,20016,2012421273,anne.hawkins@fake.osdi.info
Alexander,Dennis,20020,2012421274,dennis.alexander@fake.osdi.info
Reid,Joan,20020,2012421275,joan.reid@fake.osdi.info
Green,Gregory,20020,2012421276,gregory.green@fake.osdi.info
Neal,Jerry,20020,2012421277,jerry.neal@fake.osdi.info
Haynes,Laura,20020,2012421278,laura.haynes@fake.osdi.info
Grant,Todd,20020,2012421279,todd.grant@fake.osdi.info
Small,Gary,20002,2012421280,gary.small@fake.osdi.info
Brown,Willie,20007,2012421281,willie.brown@fake.osdi.info
Robinson,Randy,20007,2012421282,randy.robinson@fake.osdi.info
Richardson,Raymond,20007,2012421283,raymond.richardson@fake.osdi.info
Woods,Ann,20007,2012421284,ann.woods@fake.osdi.info
Singleton,Julia,20001,2012421285,julia.singleton@fake.osdi.info
Jackson,Denise,20010,2012421286,denise.jackson@fake.osdi.info
Glover,Marilyn,20010,2012421287,marilyn.glover@fake.osdi.info
Miles,Paula,20010,2012421288,paula.miles@fake.osdi.info
Jenkins,Gerald,20011,2012421289,gerald.jenkins@fake.osdi.info
Flowers,Brandon,20012,2012421290,brandon.flowers@fake.osdi.info
Mcclain,Scott,20012,2012421291,scott.mcclain@fake.osdi.info
Daniels,Danny,20012,2012421292,danny.daniels@fake.osdi.info
Ford,Raymond,20002,2012421293,raymond.ford@fake.osdi.info
Roberson,Ruth,20037,2012421294,ruth.roberson@fake.osdi.info
Calhoun,Antonio,20037,2012421295,antonio.calhoun@fake.osdi.info
Bell,Roy,20037,2012421296,roy.bell@fake.osdi.info
Boone,Kimberly,20037,2012421297,kimberly.boone@fake.osdi.info
Hawkins,Amy,20020,2012421298,amy.hawkins@fake.osdi.info
